url,label
https://www.google.com,safe
https://www.youtube.com,safe
https://www.wikipedia.org,safe
https://www.amazon.com,safe
https://www.facebook.com,safe
https://www.twitter.com,safe
https://www.linkedin.com,safe
https://www.github.com,safe
https://www.stackoverflow.com,safe
https://www.reddit.com,safe
https://www.microsoft.com,safe
https://www.apple.com,safe
https://www.netflix.com,safe
https://www.instagram.com,safe
https://www.bbc.com,safe
https://www.cnn.com,safe
https://www.nytimes.com,safe
https://www.theguardian.com,safe
https://www.reuters.com,safe
https://www.espn.com,safe
https://www.weather.com,safe
https://www.imdb.com,safe
https://www.spotify.com,safe
https://www.dropbox.com,safe
https://www.adobe.com,safe
https://www.salesforce.com,safe
https://www.oracle.com,safe
https://www.ibm.com,safe
https://www.cisco.com,safe
https://www.intel.com,safe
https://www.nvidia.com,safe
https://www.amd.com,safe
https://www.samsung.com,safe
https://www.sony.com,safe
https://www.hp.com,safe
https://www.dell.com,safe
https://www.lenovo.com,safe
https://www.asus.com,safe
https://www.ebay.com,safe
https://www.etsy.com,safe
https://www.shopify.com,safe
https://www.walmart.com,safe
https://www.target.com,safe
https://www.bestbuy.com,safe
https://www.homedepot.com,safe
https://www.lowes.com,safe
https://www.costco.com,safe
https://www.booking.com,safe
https://www.airbnb.com,safe
https://www.uber.com,safe
https://www.lyft.com,safe
https://www.zoom.us,safe
https://www.slack.com,safe
https://www.notion.so,safe
https://www.trello.com,safe
https://www.asana.com,safe
https://www.atlassian.com,safe
https://www.stripe.com,safe
https://www.paypal.com,safe
https://www.venmo.com,safe
https://www.squarespace.com,safe
https://www.wix.com,safe
https://www.wordpress.com,safe
https://www.medium.com,safe
https://www.quora.com,safe
https://www.pinterest.com,safe
https://www.tumblr.com,safe
https://www.twitch.tv,safe
https://www.discord.com,safe
https://www.telegram.org,safe
https://www.whatsapp.com,safe
https://www.signal.org,safe
https://www.protonmail.com,safe
https://www.gmail.com,safe
https://www.outlook.com,safe
https://www.yahoo.com,safe
https://www.bing.com,safe
https://www.duckduckgo.com,safe
https://www.cloudflare.com,safe
https://www.fastly.com,safe
https://www.akamai.com,safe
https://www.aws.amazon.com,safe
https://www.azure.microsoft.com,safe
https://www.cloud.google.com,safe
https://www.digitalocean.com,safe
https://www.heroku.com,safe
https://www.netlify.com,safe
https://www.vercel.com,safe
https://www.mongodb.com,safe
https://www.postgresql.org,safe
https://www.mysql.com,safe
https://www.redis.io,safe
https://www.nginx.com,safe
https://www.apache.org,safe
https://www.python.org,safe
https://www.nodejs.org,safe
https://www.reactjs.org,safe
https://www.vuejs.org,safe
https://www.angular.io,safe
https://www.tensorflow.org,safe
https://www.pytorch.org,safe
https://www.kaggle.com,safe
https://www.coursera.org,safe
https://www.udemy.com,safe
https://www.edx.org,safe
https://www.khanacademy.org,safe
https://www.freecodecamp.org,safe
https://www.w3schools.com,safe
https://www.mdn.mozilla.org,safe
https://www.developer.mozilla.org,safe
https://www.docs.python.org,safe
https://www.docs.microsoft.com,safe
https://www.developer.apple.com,safe
https://www.developer.android.com,safe
https://docs.github.com,safe
https://www.npmjs.com,safe
https://www.pypi.org,safe
https://www.hub.docker.com,safe
https://www.kubernetes.io,safe
https://www.terraform.io,safe
https://www.ansible.com,safe
https://www.jenkins.io,safe
https://www.circleci.com,safe
https://www.travis-ci.com,safe
https://www.gitlab.com,safe
https://www.bitbucket.org,safe
https://www.jira.atlassian.com,safe
https://www.confluence.atlassian.com,safe
https://www.figma.com,safe
https://www.sketch.com,safe
https://www.invision.app,safe
https://www.canva.com,safe
https://www.unsplash.com,safe
https://www.pexels.com,safe
https://www.shutterstock.com,safe
https://www.gettyimages.com,safe
https://www.fonts.google.com,safe
https://www.fontawesome.com,safe
https://www.bootstrapcdn.com,safe
https://www.cdnjs.cloudflare.com,safe
https://www.jsdelivr.com,safe
https://www.archive.org,safe
https://www.wolframalpha.com,safe
https://www.academia.edu,safe
https://www.researchgate.net,safe
https://www.scholar.google.com,safe
https://www.pubmed.ncbi.nlm.nih.gov,safe
https://www.who.int,safe
https://www.cdc.gov,safe
https://www.nih.gov,safe
https://www.nasa.gov,safe
https://www.whitehouse.gov,safe
https://www.congress.gov,safe
https://www.sec.gov,safe
https://www.irs.gov,safe
https://www.usa.gov,safe
https://www.un.org,safe
https://www.worldbank.org,safe
https://www.imf.org,safe
https://www.oecd.org,safe
https://www.europa.eu,safe
https://www.nature.com,safe
https://www.science.org,safe
https://www.sciencedirect.com,safe
https://www.springer.com,safe
https://www.wiley.com,safe
https://www.tandfonline.com,safe
https://store.google.com/product/pixel,safe
https://support.apple.com/en-us/HT201210,safe
https://help.netflix.com/en/node/412,safe
https://account.microsoft.com/security,safe
https://myaccount.google.com/security,safe
https://www.bankofamerica.com,safe
https://www.chase.com,safe
https://www.wellsfargo.com,safe
https://www.citibank.com,safe
https://www.usbank.com,safe
https://www.capitalone.com,safe
https://www.americanexpress.com,safe
https://www.visa.com,safe
https://www.mastercard.com,safe
http://192.168.1.1/admin/login.php,phishing
http://10.0.0.1/secure/account-verify.php,phishing
https://secure-paypal-login.malicious-site.com/verify,phishing
https://amazon-security-alert.tk/account/verify,phishing
http://login.microsoft.com.phishing-site.ru/auth,phishing
https://appleid.apple.com.fake-login.xyz/signin,phishing
https://secure.bankofamerica.com.verify-account.ml/login,phishing
http://paypal.com.security-update.tk/account,phishing
https://accounts.google.com.login-verify.ml/auth,phishing
http://facebook.com.security.phishing-domain.top/login,phishing
https://netflix.com.account-suspended.xyz/reactivate,phishing
https://amazon.suspicious-deals.click/login,phishing
http://update-your-account.info/paypal/login.php,phishing
https://verify-identity.suspicious.tk/banking/login,phishing
http://secure-login-alert.xyz/bank/auth.php?redirect=http://malicious.com,phishing
https://my-account-verify.ml/google/login.php,phishing
http://62.176.23.90/phishing/login.php,phishing
https://account-suspended-action-required.xyz/microsoft,phishing
http://login-verify-now.info/paypal/confirm.php,phishing
https://signin.ebay.com.login-update.top/auth,phishing
http://your-account-has-been-limited.com/paypal/restore,phishing
https://banklogin.verify-now.ml/chase/login,phishing
http://update-billing-info.xyz/amazon/payment,phishing
https://account.google.com-signin.phishing-example.com/auth,phishing
http://78.109.52.166/phishing/bank/login.php,phishing
https://secure-update.apple-id-verify.ml/login,phishing
http://microsoft-security-alert.xyz/windows/verify,phishing
https://login-alert-required.info/facebook/verify.php,phishing
http://your-apple-id-suspended.xyz/restore/login.php,phishing
https://access-restricted-verify.ml/linkedin/login,phishing
http://94.102.49.190/login/admin.php,phishing
http://account-verify-now.xyz/amazon/signin.php,phishing
https://urgent-security-update.ml/paypal/verify,phishing
http://185.220.101.45/phishing/credentials.php,phishing
https://secure.chase.com.account-verify.xyz/signin,phishing
http://login.yahoo.com.verify-now.top/auth,phishing
https://apple-payment-required.ml/billing/update.php,phishing
http://google.com.account-suspended.xyz/restore,phishing
https://wells-fargo-security-alert.com/login/verify.php,phishing
http://account-locked-verify.info/twitter/login,phishing
https://netflix-account-suspended.xyz/reactivate/login,phishing
http://ebay-security-update.ml/account/verify,phishing
https://instagram-verify-account.xyz/login.php,phishing
http://linkedin-security-alert.info/account/verify,phishing
https://steam-account-verify.xyz/login.php,phishing
http://dropbox-security.ml/account/signin,phishing
https://icloud-account-suspended.xyz/restore,phishing
http://twitch-verify-account.info/login.php,phishing
https://discord-security-update.ml/account/verify,phishing
http://reddit-account-verify.xyz/login.php,phishing
https://phishing-page.xyz/login?user=victim&redirect=http://evil.com,phishing
http://login-page.ml/banking/enter-credentials.php?session=abc123,phishing
http://support-microsoft-windows.xyz/renew-subscription,phishing
https://update-payment-info-now.ml/netflix/billing,phishing
http://account-action-required.xyz/amazon/billing.php,phishing
http://verify-now-or-lose-access.info/google/signin,phishing
https://emergency-security-update.xyz/apple/verify,phishing
http://your-account-will-be-closed.ml/paypal/confirm,phishing
https://immediate-action-required.xyz/bank/login,phishing
http://click-here-to-verify.info/account/login.php,phishing
http://malware-distribution.xyz/download/setup.exe,malicious
https://trojan-payload.ml/files/update.exe,malicious
http://ransomware-spread.top/download/crack.exe,malicious
https://botnet-command.xyz/api/beacon?id=infected,malicious
http://exploit-kit.ml/landing?exp=cve-2023-1234,malicious
https://drive-by-download.xyz/auto/payload.php,malicious
http://malicious-iframe.ml/inject.js,malicious
https://keylogger-host.xyz/download/logger.exe,malicious
http://spyware-distribution.top/files/spy.exe,malicious
https://adware-injector.ml/redirect?url=http://evil.com,malicious
http://cryptominer-script.xyz/mine.js,malicious
https://backdoor-payload.ml/files/shell.php,malicious
http://sql-injection-test.xyz/?id=1%27%20OR%20%271%27%3D%271,malicious
https://xss-payload.ml/search?q=<script>alert(document.cookie)</script>,malicious
http://brute-force-tool.xyz/download/bruteforcer.exe,malicious
https://spam-mailer.ml/api/send?template=phishing,malicious
http://credential-stealer.xyz/harvest.php,malicious
https://data-exfiltration.ml/upload?file=passwords.txt,malicious
http://malicious-ad.xyz/redirect.php?campaign=fraud,malicious
https://fake-av-download.ml/files/antivirus.exe,malicious
http://scareware-page.xyz/alert/virus-detected.php,malicious
https://malicious-update.ml/windows/update.exe,malicious
http://zero-day-exploit.xyz/exploit.jar,malicious
https://watering-hole.ml/compromised/page.php,malicious
http://command-and-control.xyz/c2/beacon.php,malicious
https://malicious-pdf.ml/files/invoice.pdf.exe,malicious
http://fake-flash-update.xyz/flash/install.exe,malicious
https://malicious-macro.ml/office/template.dotm,malicious
http://browser-hijacker.xyz/install/extension.crx,malicious
https://rootkit-dropper.ml/install.sh,malicious
http://worm-propagation.xyz/spread.py,malicious
https://remote-access-trojan.ml/rat/server.php,malicious
http://fileless-malware.xyz/powershell/payload.ps1,malicious
https://malicious-js-inject.ml/inject?target=banking,malicious
http://fake-captcha.xyz/verify.php?human=false&download=malware.exe,malicious
https://malicious-cdn.ml/static/evil.js,malicious
http://ad-fraud.xyz/click?id=fake&revenue=inflate,malicious
https://cryptojacker.ml/mine.php?algo=monero,malicious
http://botnets.xyz/botnet/register.php?uuid=victim-machine,malicious
https://malicious-oauth.ml/authorize?scope=all&redirect=evil.com,malicious
http://bit.ly/suspicious-short,suspicious
https://tinyurl.com/malware-link,suspicious
http://goo.gl/phish-link,suspicious
https://ow.ly/redirect-me,suspicious
http://t.co/suspicious123,suspicious
https://short.link/unknown-destination,suspicious
http://click.here.now.xyz/promo,suspicious
https://free-gift-claim.info/winner,suspicious
http://you-have-won.ml/claim-now,suspicious
https://earn-money-fast.xyz/join,suspicious
http://work-from-home-millions.info/signup,suspicious
https://crypto-investment-guaranteed.xyz/invest,suspicious
http://double-your-bitcoin.ml/invest,suspicious
https://free-iphone-giveaway.xyz/claim,suspicious
http://exclusive-deal-today-only.info/buy,suspicious
https://limited-offer-expires-soon.xyz/grab,suspicious
http://click-to-claim-reward.ml/reward,suspicious
https://survey-complete-gift.xyz/redeem,suspicious
http://lottery-winner-notify.info/collect,suspicious
https://prize-notification-official.ml/verify,suspicious
http://cheap-meds-no-prescription.xyz/order,suspicious
https://replica-watches-cheap.info/shop,suspicious
http://fake-software-license.ml/activate,suspicious
https://pirated-movies-free.xyz/download,suspicious
http://crack-software-free.info/download,suspicious
https://nulled-scripts.ml/files,suspicious
http://hacked-accounts-sale.xyz/buy,suspicious
https://stolen-data-marketplace.info/browse,suspicious
http://darkweb-surface.ml/listings,suspicious
https://suspicious-redirect.xyz/?url=http://unknown.com,suspicious
http://tracking-pixel.ml/track.gif?uid=user123&session=abc,suspicious
https://data-harvest.xyz/collect?user=victim,suspicious
http://unusual-login-location.info/verify?token=abc,suspicious
https://unsubscribe-all-emails.xyz/remove?id=victim,suspicious
http://click-tracking.ml/redirect?to=unknown&from=email,suspicious
https://affiliate-fraud.xyz/click?aff=fake&product=123,suspicious
http://fake-invoice.info/download?id=12345,suspicious
https://temp-mail-service.xyz/inbox?id=random,suspicious
http://disposable-domain.ml/page,suspicious
https://domain-just-registered.xyz/login,suspicious
http://no-ssl-banking.info/account/login,suspicious
https://multiple---hyphens-domain.com/page,suspicious
http://verylongdomainnamethatlooksunusualandmighttrytoconfuseusers.com/login,suspicious
https://xn--80ak6aa92e.com/login,suspicious
http://domain.com@evil.com/path,suspicious
https://legitimate-looking-site.com%2F@evil.com/path,suspicious
http://www.example.com/path?redirect=http://malicious.xyz,suspicious
https://normal-site.com/track?utm_source=spam&utm_medium=email&click_id=abc123def456,suspicious
http://freeware-downloads.info/software/keygen.exe,suspicious
https://online-tv-free.xyz/watch?channel=hbo,suspicious
http://adult-content-redirect.ml/age-verify,suspicious
https://gambling-site-unregulated.info/casino,suspicious
http://forex-signals-guaranteed.xyz/subscribe,suspicious
https://mlm-pyramid-scheme.info/join-now,suspicious
http://weight-loss-miracle.ml/product,suspicious
https://herbal-cure-cancer.xyz/treatment,suspicious
http://www.google.com/search?q=python+tutorial,safe
https://en.wikipedia.org/wiki/Machine_learning,safe
https://www.amazon.com/dp/B08N5WRWNW,safe
https://github.com/scikit-learn/scikit-learn,safe
https://stackoverflow.com/questions/11227809/why-is-python-so-slow,safe
https://news.ycombinator.com/item?id=12345678,safe
https://www.reddit.com/r/python/comments/abc123/,safe
https://medium.com/@author/article-title-abc123,safe
https://dev.to/author/article-title,safe
https://hashnode.com/@author/post-title,safe
https://www.youtube.com/watch?v=dQw4w9WgXcQ,safe
https://vimeo.com/123456789,safe
https://soundcloud.com/artist/track-name,safe
https://open.spotify.com/track/4uLU6hMCjMI75M1A2tKUQC,safe
https://play.google.com/store/apps/details?id=com.example.app,safe
https://apps.apple.com/us/app/example/id123456789,safe
https://www.microsoft.com/en-us/microsoft-365,safe
https://products.office.com/en-us/word,safe
https://support.google.com/accounts/answer/27441,safe
https://help.twitter.com/en/using-twitter,safe
https://www.facebook.com/help/227070644064489,safe
https://help.instagram.com/155833707900388,safe
https://www.linkedin.com/help/linkedin/answer/50200,safe
https://support.discord.com/hc/en-us/articles/360045138571,safe
https://docs.python.org/3/library/os.html,safe
https://docs.djangoproject.com/en/4.2/topics/db/models,safe
https://flask.palletsprojects.com/en/3.0.x/quickstart,safe
https://fastapi.tiangolo.com/tutorial/first-steps,safe
https://numpy.org/doc/stable/reference/generated/numpy.array.html,safe
https://pandas.pydata.org/docs/reference/api/pandas.DataFrame.html,safe
https://scikit-learn.org/stable/modules/generated/sklearn.ensemble.RandomForestClassifier.html,safe
https://matplotlib.org/stable/api/_as_gen/matplotlib.pyplot.plot.html,safe
https://seaborn.pydata.org/generated/seaborn.heatmap.html,safe
https://xgboost.readthedocs.io/en/stable/python/python_api.html,safe
http://phishing-attempt-12345.xyz/login/microsoft/verify?code=abc,phishing
http://secure-bank-update-now.ml/account/verify?session=xyz,phishing
https://your-paypal-account-suspended.xyz/restore-account.php,phishing
http://apple-id-action-needed.ml/verify-identity.php,phishing
https://update-your-google-account.xyz/signin?redirect=true,phishing
http://amazon-order-confirmation.ml/track?order=invalid&verify=true,phishing
https://chase-bank-security.xyz/online-banking/login,phishing
http://wellsfargo-alert-secure.ml/signin?warning=true,phishing
https://irs-tax-refund-pending.xyz/claim?amount=500&verify=true,phishing
http://fedex-package-held.ml/deliver?tracking=FAKE12345,phishing
https://usps-package-issue.xyz/resolve?tracking=FAKE67890,phishing
http://dhl-customs-fee.ml/pay?tracking=FAKEABC&amount=25,phishing
https://virus-detected-call-now.xyz/support?error=critical,malicious
http://your-computer-infected.ml/fix?download=cleaner.exe,malicious
https://critical-error-browser.xyz/repair?issue=malware&download=fix.exe,malicious
http://fake-windows-update.ml/update?version=11&download=update.exe,malicious
https://emergency-browser-update.xyz/chrome/update.php,malicious
http://java-update-required.ml/install?version=latest,malicious
http://bit.do/unknown-link,suspicious
https://rebrand.ly/mystery-destination,suspicious
http://is.gd/short-link,suspicious
https://cutt.ly/unknown,suspicious
http://bc.vc/redirect,suspicious
https://adf.ly/monetized-link,suspicious
http://linktr.ee/possibly-spam,suspicious
https://linkin.bio/unknown-user,suspicious
https://www.hsbc.com,safe
https://www.barclays.co.uk,safe
https://www.lloydsbank.com,safe
https://www.natwest.com,safe
https://www.santander.co.uk,safe
https://www.schwab.com,safe
https://www.fidelity.com,safe
https://www.vanguard.com,safe
https://www.tdbank.com,safe
https://www.pnc.com,safe
https://online.wellsfargo.com/login,safe
https://id.apple.com,safe
https://secure.paypal.com/home,safe
https://www.amazon.com/ap/signin,safe
https://login.microsoftonline.com,safe
https://accounts.google.com/signin,safe
https://appleid.apple.com/sign-in,safe
https://www.netflix.com/login,safe
https://www.facebook.com/login,safe
https://twitter.com/i/flow/login,safe
https://www.linkedin.com/login,safe
https://github.com/login,safe
https://gitlab.com/users/sign_in,safe
https://bitbucket.org/account/signin,safe
https://stackoverflow.com/users/login,safe
https://www.reddit.com/login,safe
https://discord.com/login,safe
https://store.steampowered.com/login,safe
https://www.twitch.tv/login,safe
https://www.instagram.com/accounts/login,safe
https://www.tiktok.com/login,safe
https://www.snapchat.com/accounts/login,safe
https://www.ebay.com/signin,safe
https://www.etsy.com/signin,safe
https://www.shopify.com/login,safe
https://support.google.com/accounts/answer/41078,safe
https://help.apple.com/icloud,safe
https://support.microsoft.com/en-us/account-billing,safe
https://www.irs.gov/payments/direct-pay,safe
https://www.ssa.gov/myaccount,safe
https://www.medicare.gov/sign-up-change-plans/how-do-i-get-parts-a-b,safe
https://portal.azure.com,safe
https://console.aws.amazon.com,safe
https://console.cloud.google.com,safe
https://app.netlify.com,safe
https://vercel.com/dashboard,safe
https://dashboard.heroku.com,safe
https://app.digitalocean.com,safe
https://us-east-1.console.aws.amazon.com/iam,safe
https://registry.hub.docker.com,safe
https://pypi.org/project/flask,safe
https://docs.djangoproject.com/en/4.2,safe
https://reactjs.org/docs/getting-started.html,safe
https://vuejs.org/guide/introduction.html,safe
https://angular.io/start,safe
https://nodejs.org/en/docs,safe
https://developer.mozilla.org/en-US/docs/Web,safe
https://www.w3.org/TR/html52,safe
https://tools.ietf.org/html/rfc7231,safe
https://datatracker.ietf.org/doc/html/rfc6749,safe
https://owasp.org/www-project-top-ten,safe
https://nvd.nist.gov/vuln/search,safe
https://cve.mitre.org/cgi-bin/cvekey.cgi,safe
https://www.virustotal.com/gui/home/upload,safe
https://www.shodan.io,safe
https://www.haveibeenpwned.com,safe
https://securityheaders.com,safe
https://www.ssllabs.com/ssltest,safe
https://dnschecker.org,safe
https://mxtoolbox.com/DNSLookup.aspx,safe
https://www.whois.com/whois,safe
https://centralops.net/co,safe
https://ipinfo.io,safe
https://www.abuseipdb.com,safe
https://threatintelligenceplatform.com,safe
https://otx.alienvault.com,safe
https://www.spamhaus.org/lookup,safe
https://exchange.xforce.ibmcloud.com,safe
http://paypa1.com/secure/verify-account.php,phishing
http://micros0ft.com/windows/update-required,phishing
https://amazon-secure-login.xyz/verify,phishing
https://netf1ix-billing.info/reactivate,phishing
http://appleID-verify.ml/account-locked.php,phishing
http://www.paypal-secure.tk/login/verify,phishing
https://security-google-com.xyz/signin,phishing
http://facebook-security-alert.ml/login,phishing
http://instagram-verify-account.info/login,phishing
https://twitter-support-security.xyz/verify,phishing
http://microsoft-alert-security.ml/windows,phishing
http://amazon-order-update.info/account,phishing
http://apple-billing-update.ml/payment,phishing
https://netflix-account-suspended.xyz/renew,phishing
http://chase-bank-verify-account.ml/signin,phishing
https://wellsfargo-secure-login.xyz/auth,phishing
http://bankofamerica-verify.info/login,phishing
https://paypal-account-limited.ml/restore,phishing
http://ebay-security-update.xyz/verify,phishing
https://secure-amazon-signin.info/ap/signin,phishing
http://google-account-verify.ml/signin,phishing
https://apple-id-locked.xyz/unlock,phishing
http://facebook-login-verify.info/security,phishing
https://your-account-suspended.ml/paypal,phishing
http://microsoft-support-urgent.xyz/renew,phishing
https://account-recovery-google.info/signin,phishing
http://icloud-account-alert.ml/verify,phishing
https://amazon-prime-renewal.xyz/billing,phishing
http://steam-account-verify.info/login,phishing
https://linkedin-security-check.ml/verify,phishing
http://dropbox-share-link.xyz/login,phishing
https://office365-login-secure.info/auth,phishing
http://outlook-verify-email.ml/signin,phishing
https://bank-security-update.xyz/verify.php,phishing
http://login-chase-bank.info/auth,phishing
https://secure-signin-amazon.ml/account,phishing
http://apple-payment-failed.xyz/update,phishing
https://google-docs-share.info/view,phishing
http://dropbox-file-share.ml/download,phishing
https://onedrive-file-share.xyz/document,phishing
http://verify-your-paypal.info/account,phishing
https://amazon-gift-card.ml/redeem,phishing
http://free-netflix-account.xyz/signup,phishing
https://win-iphone15.info/claim-prize,phishing
http://lucky-winner-2024.ml/gift,phishing
https://your-package-held.xyz/fedex/pay,phishing
http://dhl-delivery-failed.info/reschedule,phishing
https://usps-package-fee.ml/pay,phishing
http://hmrc-tax-refund.xyz/claim,phishing
https://irs-refund-pending.info/verify,phishing
http://covid-relief-payment.ml/apply,phishing
https://stimulus-check-claim.xyz/eligible,phishing
http://bank-account-verify.info/login.php,phishing
https://secure-paypal-login.ml/confirm,phishing
http://login-update-required.xyz/bank,phishing
https://your-subscription-expired.info/renew,phishing
http://credit-card-verify.ml/update,phishing
https://account-deactivation-notice.xyz/restore,phishing
http://security-warning-action.info/login,phishing
https://password-reset-required.ml/reset,phishing
http://two-factor-verify.xyz/code,phishing
https://email-verification-required.info/verify,phishing
http://suspicious-login-detected.ml/secure,phishing
https://unusual-activity-notice.xyz/verify,phishing
http://signin-from-new-device.info/confirm,phishing
https://we-detected-issue.ml/account,phishing
http://your-order-has-been-placed.xyz/track,phishing
https://shipping-notification-update.info/track,phishing
http://invoice-attached-urgent.ml/view,phishing
https://document-signature-required.xyz/sign,phishing
http://hr-payroll-update.info/login,phishing
https://it-support-password-reset.ml/reset,phishing
http://ceo-urgent-wire-transfer.xyz/approve,phishing
https://cloud-storage-full-alert.info/upgrade,phishing
http://malware-payload-drop.top/files/trojan.exe,malicious
https://exploit-kit-landing.ml/cve-2024/landing,malicious
http://ransomware-command.xyz/c2/register,malicious
https://botnet-gate.info/api/checkin,malicious
http://remote-access-trojan.ml/upload.php,malicious
https://keylogger-exfil.xyz/collect,malicious
http://credential-harvester.top/steal.php,malicious
https://cryptominer-inject.ml/mine.js,malicious
http://drive-by-download.xyz/auto-install.exe,malicious
https://zero-day-exploit.info/payload.jar,malicious
http://malicious-pdf-dropper.ml/invoice.pdf,malicious
https://fake-update-dropper.xyz/chrome-update.exe,malicious
http://powershell-dropper.top/cmd.ps1,malicious
http://worm-propagation.ml/spread.vbs,malicious
https://rootkit-installer.xyz/install.sh,malicious
http://backdoor-shell.info/cmd.php,malicious
https://spyware-module.ml/monitor.dll,malicious
http://adware-injector.xyz/inject.js,malicious
https://browser-hijacker.top/extension.crx,malicious
http://fake-antivirus.ml/scan-now.exe,malicious
https://scareware-alert.xyz/virus-detected.php,malicious
http://tech-support-scam.info/call-now.php,malicious
https://malicious-macro-doc.ml/template.dotm,malicious
http://sql-injection-attack.xyz/search?id=1%27OR%271,malicious
https://xss-payload-inject.info/q=%3Cscript%3Ealert(1)%3C%2Fscript%3E,malicious
http://directory-traversal.ml/file?path=../../etc/passwd,malicious
https://command-injection.xyz/exec?cmd=whoami,malicious
http://ssrf-attack.top/fetch?url=http://169.254.169.254,malicious
https://xxe-injection.info/parse?xml=<!DOCTYPE,malicious
http://deserialization-exploit.ml/rce,malicious
https://log4j-exploit.xyz/jndi:ldap://evil.com,malicious
http://spring4shell.top/actuator/env,malicious
https://proxylogon-exploit.info/ecp/Current/exporttool.aspx,malicious
http://bluekeep-exploit.ml/rdp/scan,malicious
https://eternal-blue-spread.xyz/smb/exploit,malicious
http://mimikatz-dump.top/creds/extract,malicious
https://cobalt-strike-beacon.ml/beacon.dll,malicious
http://metasploit-payload.xyz/meterpreter,malicious
https://c2-callback.info/heartbeat?id=infected-machine,malicious
http://data-exfiltration.ml/upload?data=passwords,malicious
https://crypto-ransomware-pay.xyz/decrypt,malicious
http://darkweb-marketplace.top/listings,malicious
https://stolen-credentials.ml/sale,malicious
http://hacked-accounts.xyz/buy-bulk,malicious
http://fake-short-link-spam.info/click,suspicious
https://mystery-url-shortener.ml/goto,suspicious
http://earn-cash-online-fast.xyz/join,suspicious
https://get-rich-quick-scheme.info/signup,suspicious
http://work-from-home-jobs.ml/apply,suspicious
https://free-gift-card-generator.xyz/generate,suspicious
http://online-survey-prize.info/complete,suspicious
https://discount-coupons-unlimited.ml/claim,suspicious
http://cheap-pharmacy-pills.xyz/order,suspicious
https://herbal-cure-miracle.info/buy,suspicious
http://unlicensed-gambling.ml/play,suspicious
https://online-casino-unregulated.xyz/signup,suspicious
http://forex-guaranteed-profit.info/invest,suspicious
https://crypto-doubler-bot.ml/invest,suspicious
http://bitcoin-mining-free.xyz/start,suspicious
https://nft-easy-money.info/buy,suspicious
http://mlm-pyramid-join.ml/recruit,suspicious
https://adult-content-free.xyz/age-verify,suspicious
http://pirated-software-free.info/download,suspicious
https://cracked-games-download.ml/get,suspicious
http://warez-site-nulled.xyz/files,suspicious
https://fake-streaming-site.info/watch,suspicious
http://newly-registered-domain-2024.xyz/login,suspicious
https://domain-registered-yesterday.ml/account,suspicious
http://no-ssl-certificate-site.info/payment,suspicious
https://multiple-hyphens-in-domain-name.com/page,suspicious
http://verylongdomainnamethatisunusual.xyz/login,suspicious
https://xn--e1afmapc.com/verify,suspicious
http://trackme-click-here.ml/redirect?to=unknown,suspicious
https://affiliate-link-obscured.info/click?ref=spam,suspicious
http://email-unsubscribe-all.xyz/remove?id=victim,suspicious
https://tracking-pixel.ml/t.gif?uid=user123,suspicious
http://temp-mail-inbox.xyz/check?id=abc123,suspicious
https://disposable-email-service.info/inbox,suspicious
http://parked-domain-ads.ml/page,suspicious
https://typosquat-googel.com/search,suspicious
http://homograph-аpple.com/signin,suspicious
https://combo-squatting-paypallogin.com/verify,suspicious
http://brandjacking-amazon-deals.net/shop,suspicious
https://fake-charity-donate.xyz/ukraine-help,suspicious
http://scam-investment-platform.ml/portfolio,suspicious
https://unverified-crypto-exchange.info/trade,suspicious
http://loan-shark-online.xyz/apply,suspicious
https://guaranteed-insurance-quote.ml/get,suspicious
http://botnet-gate.info/api/checkin,malicious
http://cobalt-strike-beacon.ml/beacon.dll,malicious
http://cryptominer-inject.ml/mine.js,malicious
http://keylogger-exfil.xyz/collect.php,malicious
http://exploit-kit-landing.ml/cve2024/payload,malicious
http://zero-day-exploit.info/payload.jar,malicious
http://metasploit-payload.xyz/meterpreter.php,malicious
http://rootkit-installer.xyz/install.sh,malicious
http://c2-callback.xyz/heartbeat?id=infected,malicious
http://data-exfiltration.ml/upload?data=creds,malicious
http://malware-dropper.top/stage2.exe,malicious
http://fileless-malware.xyz/powershell/loader.ps1,malicious
http://watering-hole-inject.ml/inject.js,malicious
http://credential-stealer.top/harvest.php,malicious
http://spyware-module.ml/monitor.dll,malicious
http://browser-hijacker.xyz/ext.crx,malicious
http://fake-update-malware.top/flash-update.exe,malicious
http://crypto-ransomware.ml/decrypt?btc=wallet,malicious
http://eternal-blue.xyz/smb/exploit,malicious
http://command-and-control.xyz/beacon.php,malicious
http://rat-server.ml/connect.php,malicious
http://shellcode-dropper.xyz/payload.bin,malicious
http://stealer-exfil.ml/passwords.php,malicious
http://trojan-dropper.xyz/stage1.exe,malicious
http://malware-c2.top/register?uuid=victim,malicious
http://exploit-payload.ml/cve.jar,malicious
http://spear-phishing-malware.xyz/macro.docm,malicious
http://ransomware-decrypt.top/payment,malicious
https://secure-bank-loginpage.xyz/auth.php,phishing
http://paypal-account-suspended2.ml/restore,phishing
https://your-microsoft-account.info/signin,phishing
http://amazon-delivery-failed.ml/reschedule,phishing
https://apple-icloud-alert.xyz/verify,phishing
http://google-unusual-activity.ml/check,phishing
https://facebook-security-2024.xyz/login,phishing
http://chase-online-verify.info/banking,phishing
https://wellsfargo-alert.ml/secure-login,phishing
http://netflix-payment-required.xyz/billing,phishing
https://steam-account-locked.ml/unlock,phishing
http://linkedin-verify-id.xyz/confirm,phishing
https://dropbox-storage-full.info/upgrade,phishing
http://office365-password-expiry.ml/reset,phishing
https://icloud-suspended.xyz/reactivate,phishing
http://ebay-suspended-account.ml/verify,phishing
https://amazon-suspicious-login.xyz/secure,phishing
http://paypal-limited-access.ml/restore,phishing
https://apple-pay-declined.xyz/update-card,phishing
http://google-drive-share.ml/view-document,phishing
https://microsoft-verify-account.xyz/signin,phishing
http://irs-refund-2024.ml/claim,phishing
https://fedex-package-exception.xyz/pay-fee,phishing
http://usps-delivery-hold.ml/confirm,phishing
https://dhl-customs-clearance.xyz/payment,phishing
